[{"@type":"connection","id":"@1","name":"conn_MLCL","runtimeEnvironmentId":"@hgXFgSHk2IddyEnk4u39qz","instanceDisplayName":"Oracle","host":"192.168.253.156","database":"infaorcl","codepage":"UTF-8","adjustedJdbcHostName":"192.168.253.156","type":"Oracle","port":1521,"password":"********","username":"MLCL","majorUpdateTime":"2020-11-01T22:13:03.000Z","timeout":60,"connParams":{"agentId":"010EJT08000000000002","CryptoProtocolVersion":"TLSv1","agentGroupId":"010EJT25000000000003","encryptionMethod":"NoEncryption","orgId":"010EJT","ValidateServerCertificate":"False"},"internal":false,"federatedId":"cRL4uXwPhAej2PKA390B0I","retryNetworkError":false}]