[{"@type":"mtTask","id":"@1","name":"MCT_B","description":"","runtimeEnvironmentId":"@hgXFgSHk2IddyEnk4u39qz","maxLogs":10,"verbose":false,"mappingId":"@fAawssVqCiWdLZKproDPWm","shortDescription":"","sessionPropertiesList":[{"name":"Stop on errors","value":"1","recommended":false}],"enableCrossSchemaPushdown":true,"enableParallelRun":false,"autoTunedApplied":false,"autoTunedAppliedType":"NONE","paramFileType":"PARAM_FILE_LOCAL","parameterFileEncoding":"UTF-8","serverlessProperties":{},"parameters":[{"@type":"mtTaskParameter","id":11854341,"name":"$SOURCE_TABLE$","type":"EXTENDED_SOURCE","label":"par_Conn_Source (par_Conn_Source)","description":"","uiProperties":{"cnxtype":"Oracle","connectionParameterized":"true","logcnx":"par_Conn_Source","isMsrcFilterParameterized":"false","isMsrcSortParameterized":"false","objlabel":"par_Table_Source","objectParameterized":"true","objDesc":""},"sourceConnectionId":"@cRL4uXwPhAej2PKA390B0I","newFlatFile":false,"newObject":false,"showBusinessNames":true,"naturalOrder":true,"truncateTarget":false,"bulkApiDBTarget":false,"customFuncCfg":{"@type":"customFuncConfig","id":-1,"connections":[],"inputMap":[],"outputFields":[]},"tgtFieldRefs":{},"targetUpdateColumns":[],"extendedObject":{"@type":"extendedObject","object":{"@type":"mObject","name":"S02","label":"S02","metadataUpdated":false,"relations":[],"children":[]},"filters":[],"sortFields":[]},"runtimeAttrs":{},"isRESTModernSource":true,"isFileList":false,"handleSpecialChars":false,"frsAsset":false,"dynamicFileName":false,"currentlyProcessedFileName":false,"fetchMode":"ORIGINAL","tgtObjectAttributes":{},"runtimeParameterData":{"@type":"mtTaskRuntimeParameterData","isConnectionRuntimeParameter":true,"isObjectRuntimeParameter":false,"connectionParameterName":"par_Conn_Source","objectParameterName":"par_Table_Source"},"overriddenFields":[]},{"@type":"mtTaskParameter","id":11854345,"name":"$Target$","type":"TARGET","label":"par_Conn_Target (par_Conn_Target)","description":"","uiProperties":{"cnxtype":"Oracle","connectionParameterized":"true","logcnx":"par_Conn_Target","objlabel":"par_Table_Target","objectParameterized":"true","objDesc":"","defaultTargetUpdateColumns":"","noCreateTarget":"true"},"targetConnectionId":"@cRL4uXwPhAej2PKA390B0I","targetObject":"T02","targetObjectLabel":"T02","newFlatFile":false,"newObject":false,"showBusinessNames":true,"naturalOrder":true,"truncateTarget":false,"bulkApiDBTarget":false,"operationType":"Insert","customFuncCfg":{"@type":"customFuncConfig","id":-1,"connections":[],"inputMap":[],"outputFields":[]},"tgtFieldRefs":{},"targetUpdateColumns":[],"extendedObject":{"@type":"extendedObject","filters":[],"sortFields":[]},"runtimeAttrs":{},"isRESTModernSource":true,"isFileList":false,"handleSpecialChars":false,"frsAsset":false,"dynamicFileName":false,"currentlyProcessedFileName":false,"fetchMode":"ORIGINAL","tgtObjectAttributes":{},"runtimeParameterData":{"@type":"mtTaskRuntimeParameterData","isConnectionRuntimeParameter":false,"isObjectRuntimeParameter":true,"connectionParameterName":"par_Conn_Target","objectParameterName":"par_Table_Target","objectDefaultValue":"TARGET_TABLE"},"overriddenFields":[]}],"sequences":[],"inOutParameters":[],"connRuntimeAttrs":[]}]